Symbol,Company,Market,YahooSymbol
360ONE,360 ONE WAM Ltd.,India,360ONE.NS
3MINDIA,3M India Ltd.,India,3MINDIA.NS
AADHARHFC,Aadhar Housing Finance Ltd.,India,AADHARHFC.NS
AARTIIND,Aarti Industries Ltd.,India,AARTIIND.NS
AAVAS,Aavas Financiers Ltd.,India,AAVAS.NS
ABB,ABB India Ltd.,India,ABB.NS
ABBOTINDIA,Abbott India Ltd.,India,ABBOTINDIA.NS
ABCAPITAL,Aditya Birla Capital Ltd.,India,ABCAPITAL.NS
ABFRL,Aditya Birla Fashion and Retail Ltd.,India,ABFRL.NS
ABREL,Aditya Birla Real Estate Ltd.,India,ABREL.NS
ABSLAMC,Aditya Birla Sun Life AMC Ltd.,India,ABSLAMC.NS
ACC,ACC Ltd.,India,ACC.NS
ACE,Action Construction Equipment Ltd.,India,ACE.NS
ACMESOLAR,ACME Solar Holdings Ltd.,India,ACMESOLAR.NS
ADANIENSOL,Adani Energy Solutions Ltd.,India,ADANIENSOL.NS
ADANIENT,Adani Enterprises Ltd.,India,ADANIENT.NS
ADANIGREEN,Adani Green Energy Ltd.,India,ADANIGREEN.NS
ADANIPORTS,Adani Ports and Special Economic Zone Ltd.,India,ADANIPORTS.NS
ADANIPOWER,Adani Power Ltd.,India,ADANIPOWER.NS
AEGISLOG,Aegis Logistics Ltd.,India,AEGISLOG.NS
AFCONS,Afcons Infrastructure Ltd.,India,AFCONS.NS
AFFLE,Affle 3i Ltd.,India,AFFLE.NS
AIAENG,AIA Engineering Ltd.,India,AIAENG.NS
AIIL,Authum Investment & Infrastructure Ltd.,India,AIIL.NS
AJANTPHARM,Ajanta Pharmaceuticals Ltd.,India,AJANTPHARM.NS
AKUMS,Akums Drugs and Pharmaceuticals Ltd.,India,AKUMS.NS
ALIVUS,Alivus Life Sciences Ltd.,India,ALIVUS.NS
ALKEM,Alkem Laboratories Ltd.,India,ALKEM.NS
ALKYLAMINE,Alkyl Amines Chemicals Ltd.,India,ALKYLAMINE.NS
ALOKINDS,Alok Industries Ltd.,India,ALOKINDS.NS
AMBER,Amber Enterprises India Ltd.,India,AMBER.NS
AMBUJACEM,Ambuja Cements Ltd.,India,AMBUJACEM.NS
ANANDRATHI,Anand Rathi Wealth Ltd.,India,ANANDRATHI.NS
ANANTRAJ,Anant Raj Ltd.,India,ANANTRAJ.NS
ANGELONE,Angel One Ltd.,India,ANGELONE.NS
APARINDS,Apar Industries Ltd.,India,APARINDS.NS
APLAPOLLO,APL Apollo Tubes Ltd.,India,APLAPOLLO.NS
APLLTD,Alembic Pharmaceuticals Ltd.,India,APLLTD.NS
APOLLOHOSP,Apollo Hospitals Enterprise Ltd.,India,APOLLOHOSP.NS
APOLLOTYRE,Apollo Tyres Ltd.,India,APOLLOTYRE.NS
APTUS,Aptus Value Housing Finance India Ltd.,India,APTUS.NS
ARE&M,Amara Raja Energy & Mobility Ltd.,India,ARE&M.NS
ASAHIINDIA,Asahi India Glass Ltd.,India,ASAHIINDIA.NS
ASHOKLEY,Ashok Leyland Ltd.,India,ASHOKLEY.NS
ASIANPAINT,Asian Paints Ltd.,India,ASIANPAINT.NS
ASTERDM,Aster DM Healthcare Ltd.,India,ASTERDM.NS
ASTRAL,Astral Ltd.,India,ASTRAL.NS
ASTRAZEN,AstraZenca Pharma India Ltd.,India,ASTRAZEN.NS
ATGL,Adani Total Gas Ltd.,India,ATGL.NS
ATUL,Atul Ltd.,India,ATUL.NS
AUBANK,AU Small Finance Bank Ltd.,India,AUBANK.NS
AUROPHARMA,Aurobindo Pharma Ltd.,India,AUROPHARMA.NS
AWL,AWL Agri Business Ltd.,India,AWL.NS
AXISBANK,Axis Bank Ltd.,India,AXISBANK.NS
BAJAJ-AUTO,Bajaj Auto Ltd.,India,BAJAJ-AUTO.NS
BAJAJFINSV,Bajaj Finserv Ltd.,India,BAJAJFINSV.NS
BAJAJHFL,Bajaj Housing Finance Ltd.,India,BAJAJHFL.NS
BAJAJHLDNG,Bajaj Holdings & Investment Ltd.,India,BAJAJHLDNG.NS
BAJFINANCE,Bajaj Finance Ltd.,India,BAJFINANCE.NS
BALKRISIND,Balkrishna Industries Ltd.,India,BALKRISIND.NS
BALRAMCHIN,Balrampur Chini Mills Ltd.,India,BALRAMCHIN.NS
BANDHANBNK,Bandhan Bank Ltd.,India,BANDHANBNK.NS
BANKBARODA,Bank of Baroda,India,BANKBARODA.NS
BANKINDIA,Bank of India,India,BANKINDIA.NS
BASF,BASF India Ltd.,India,BASF.NS
BATAINDIA,Bata India Ltd.,India,BATAINDIA.NS
BAYERCROP,Bayer Cropscience Ltd.,India,BAYERCROP.NS
BBTC,Bombay Burmah Trading Corporation Ltd.,India,BBTC.NS
BDL,Bharat Dynamics Ltd.,India,BDL.NS
BEL,Bharat Electronics Ltd.,India,BEL.NS
BEML,BEML Ltd.,India,BEML.NS
BERGEPAINT,Berger Paints India Ltd.,India,BERGEPAINT.NS
BHARATFORG,Bharat Forge Ltd.,India,BHARATFORG.NS
BHARTIARTL,Bharti Airtel Ltd.,India,BHARTIARTL.NS
BHARTIHEXA,Bharti Hexacom Ltd.,India,BHARTIHEXA.NS
BHEL,Bharat Heavy Electricals Ltd.,India,BHEL.NS
BIKAJI,Bikaji Foods International Ltd.,India,BIKAJI.NS
BIOCON,Biocon Ltd.,India,BIOCON.NS
BLS,BLS International Services Ltd.,India,BLS.NS
BLUEDART,Blue Dart Express Ltd.,India,BLUEDART.NS
BLUESTARCO,Blue Star Ltd.,India,BLUESTARCO.NS
BOSCHLTD,Bosch Ltd.,India,BOSCHLTD.NS
BPCL,Bharat Petroleum Corporation Ltd.,India,BPCL.NS
BRIGADE,Brigade Enterprises Ltd.,India,BRIGADE.NS
BRITANNIA,Britannia Industries Ltd.,India,BRITANNIA.NS
BSE,BSE Ltd.,India,BSE.NS
BSOFT,Birlasoft Ltd.,India,BSOFT.NS
CAMPUS,Campus Activewear Ltd.,India,CAMPUS.NS
CAMS,Computer Age Management Services Ltd.,India,CAMS.NS
CANBK,Canara Bank,India,CANBK.NS
CANFINHOME,Can Fin Homes Ltd.,India,CANFINHOME.NS
CAPLIPOINT,Caplin Point Laboratories Ltd.,India,CAPLIPOINT.NS
CARBORUNIV,Carborundum Universal Ltd.,India,CARBORUNIV.NS
CASTROLIND,Castrol India Ltd.,India,CASTROLIND.NS
CCL,CCL Products (I) Ltd.,India,CCL.NS
CDSL,Central Depository Services (India) Ltd.,India,CDSL.NS
CEATLTD,Ceat Ltd.,India,CEATLTD.NS
CENTRALBK,Central Bank of India,India,CENTRALBK.NS
CENTURYPLY,Century Plyboards (India) Ltd.,India,CENTURYPLY.NS
CERA,Cera Sanitaryware Ltd,India,CERA.NS
CESC,CESC Ltd.,India,CESC.NS
CGCL,Capri Global Capital Ltd.,India,CGCL.NS
CGPOWER,CG Power and Industrial Solutions Ltd.,India,CGPOWER.NS
CHALET,Chalet Hotels Ltd.,India,CHALET.NS
CHAMBLFERT,Chambal Fertilizers & Chemicals Ltd.,India,CHAMBLFERT.NS
CHENNPETRO,Chennai Petroleum Corporation Ltd.,India,CHENNPETRO.NS
CHOLAFIN,Cholamandalam Investment and Finance Company Ltd.,India,CHOLAFIN.NS
CHOLAHLDNG,Cholamandalam Financial Holdings Ltd.,India,CHOLAHLDNG.NS
CIPLA,Cipla Ltd.,India,CIPLA.NS
CLEAN,Clean Science and Technology Ltd.,India,CLEAN.NS
COALINDIA,Coal India Ltd.,India,COALINDIA.NS
COCHINSHIP,Cochin Shipyard Ltd.,India,COCHINSHIP.NS
COFORGE,Coforge Ltd.,India,COFORGE.NS
COHANCE,Cohance Lifesciences Ltd.,India,COHANCE.NS
COLPAL,Colgate Palmolive (India) Ltd.,India,COLPAL.NS
CONCOR,Container Corporation of India Ltd.,India,CONCOR.NS
CONCORDBIO,Concord Biotech Ltd.,India,CONCORDBIO.NS
COROMANDEL,Coromandel International Ltd.,India,COROMANDEL.NS
CRAFTSMAN,Craftsman Automation Ltd.,India,CRAFTSMAN.NS
CREDITACC,CreditAccess Grameen Ltd.,India,CREDITACC.NS
CRISIL,CRISIL Ltd.,India,CRISIL.NS
CROMPTON,Crompton Greaves Consumer Electricals Ltd.,India,CROMPTON.NS
CUB,City Union Bank Ltd.,India,CUB.NS
CUMMINSIND,Cummins India Ltd.,India,CUMMINSIND.NS
CYIENT,Cyient Ltd.,India,CYIENT.NS
DABUR,Dabur India Ltd.,India,DABUR.NS
DALBHARAT,Dalmia Bharat Ltd.,India,DALBHARAT.NS
DATAPATTNS,Data Patterns (India) Ltd.,India,DATAPATTNS.NS
DBREALTY,Valor Estate Ltd.,India,DBREALTY.NS
DCMSHRIRAM,DCM Shriram Ltd.,India,DCMSHRIRAM.NS
DEEPAKFERT,Deepak Fertilisers & Petrochemicals Corp. Ltd.,India,DEEPAKFERT.NS
DEEPAKNTR,Deepak Nitrite Ltd.,India,DEEPAKNTR.NS
DELHIVERY,Delhivery Ltd.,India,DELHIVERY.NS
DEVYANI,Devyani International Ltd.,India,DEVYANI.NS
DIVISLAB,Divi's Laboratories Ltd.,India,DIVISLAB.NS
DIXON,Dixon Technologies (India) Ltd.,India,DIXON.NS
DLF,DLF Ltd.,India,DLF.NS
DMART,Avenue Supermarts Ltd.,India,DMART.NS
DOMS,DOMS Industries Ltd.,India,DOMS.NS
DRREDDY,Dr. Reddy's Laboratories Ltd.,India,DRREDDY.NS
DUMMYDBRLT,Dummy Valor Estate Ltd.,India,DUMMYDBRLT.NS
ECLERX,eClerx Services Ltd.,India,ECLERX.NS
EICHERMOT,Eicher Motors Ltd.,India,EICHERMOT.NS
EIDPARRY,E.I.D. Parry (India) Ltd.,India,EIDPARRY.NS
EIHOTEL,EIH Ltd.,India,EIHOTEL.NS
ELECON,Elecon Engineering Co. Ltd.,India,ELECON.NS
ELGIEQUIP,Elgi Equipments Ltd.,India,ELGIEQUIP.NS
EMAMILTD,Emami Ltd.,India,EMAMILTD.NS
EMCURE,Emcure Pharmaceuticals Ltd.,India,EMCURE.NS
ENDURANCE,Endurance Technologies Ltd.,India,ENDURANCE.NS
ENGINERSIN,Engineers India Ltd.,India,ENGINERSIN.NS
ERIS,Eris Lifesciences Ltd.,India,ERIS.NS
ESCORTS,Escorts Kubota Ltd.,India,ESCORTS.NS
ETERNAL,Eternal Ltd.,India,ETERNAL.NS
EXIDEIND,Exide Industries Ltd.,India,EXIDEIND.NS
FACT,Fertilisers and Chemicals Travancore Ltd.,India,FACT.NS
FEDERALBNK,Federal Bank Ltd.,India,FEDERALBNK.NS
FINCABLES,Finolex Cables Ltd.,India,FINCABLES.NS
FINPIPE,Finolex Industries Ltd.,India,FINPIPE.NS
FIRSTCRY,Brainbees Solutions Ltd.,India,FIRSTCRY.NS
FIVESTAR,Five-Star Business Finance Ltd.,India,FIVESTAR.NS
FLUOROCHEM,Gujarat Fluorochemicals Ltd.,India,FLUOROCHEM.NS
FORTIS,Fortis Healthcare Ltd.,India,FORTIS.NS
FSL,Firstsource Solutions Ltd.,India,FSL.NS
GAIL,GAIL (India) Ltd.,India,GAIL.NS
GESHIP,Great Eastern Shipping Co. Ltd.,India,GESHIP.NS
GICRE,General Insurance Corporation of India,India,GICRE.NS
GILLETTE,Gillette India Ltd.,India,GILLETTE.NS
GLAND,Gland Pharma Ltd.,India,GLAND.NS
GLAXO,Glaxosmithkline Pharmaceuticals Ltd.,India,GLAXO.NS
GLENMARK,Glenmark Pharmaceuticals Ltd.,India,GLENMARK.NS
GMDCLTD,Gujarat Mineral Development Corporation Ltd.,India,GMDCLTD.NS
GMRAIRPORT,GMR Airports Ltd.,India,GMRAIRPORT.NS
GNFC,Gujarat Narmada Valley Fertilizers and Chemicals Ltd.,India,GNFC.NS
GODFRYPHLP,Godfrey Phillips India Ltd.,India,GODFRYPHLP.NS
GODIGIT,Go Digit General Insurance Ltd.,India,GODIGIT.NS
GODREJAGRO,Godrej Agrovet Ltd.,India,GODREJAGRO.NS
GODREJCP,Godrej Consumer Products Ltd.,India,GODREJCP.NS
GODREJIND,Godrej Industries Ltd.,India,GODREJIND.NS
GODREJPROP,Godrej Properties Ltd.,India,GODREJPROP.NS
GPIL,Godawari Power & Ispat Ltd.,India,GPIL.NS
GPPL,Gujarat Pipavav Port Ltd.,India,GPPL.NS
GRANULES,Granules India Ltd.,India,GRANULES.NS
GRAPHITE,Graphite India Ltd.,India,GRAPHITE.NS
GRASIM,Grasim Industries Ltd.,India,GRASIM.NS
GRAVITA,Gravita India Ltd.,India,GRAVITA.NS
GRSE,Garden Reach Shipbuilders & Engineers Ltd.,India,GRSE.NS
GSPL,Gujarat State Petronet Ltd.,India,GSPL.NS
GUJGASLTD,Gujarat Gas Ltd.,India,GUJGASLTD.NS
GVT&D,GE Vernova T&D India Ltd.,India,GVT&D.NS
HAL,Hindustan Aeronautics Ltd.,India,HAL.NS
HAPPSTMNDS,Happiest Minds Technologies Ltd.,India,HAPPSTMNDS.NS
HAVELLS,Havells India Ltd.,India,HAVELLS.NS
HBLENGINE,HBL Engineering Ltd.,India,HBLENGINE.NS
HCLTECH,HCL Technologies Ltd.,India,HCLTECH.NS
HDFCAMC,HDFC Asset Management Company Ltd.,India,HDFCAMC.NS
HDFCBANK,HDFC Bank Ltd.,India,HDFCBANK.NS
HDFCLIFE,HDFC Life Insurance Company Ltd.,India,HDFCLIFE.NS
HEG,H.E.G. Ltd.,India,HEG.NS
HEROMOTOCO,Hero MotoCorp Ltd.,India,HEROMOTOCO.NS
HFCL,HFCL Ltd.,India,HFCL.NS
HINDALCO,Hindalco Industries Ltd.,India,HINDALCO.NS
HINDCOPPER,Hindustan Copper Ltd.,India,HINDCOPPER.NS
HINDPETRO,Hindustan Petroleum Corporation Ltd.,India,HINDPETRO.NS
HINDUNILVR,Hindustan Unilever Ltd.,India,HINDUNILVR.NS
HINDZINC,Hindustan Zinc Ltd.,India,HINDZINC.NS
HOMEFIRST,Home First Finance Company India Ltd.,India,HOMEFIRST.NS
HONASA,Honasa Consumer Ltd.,India,HONASA.NS
HONAUT,Honeywell Automation India Ltd.,India,HONAUT.NS
HSCL,Himadri Speciality Chemical Ltd.,India,HSCL.NS
HUDCO,Housing & Urban Development Corporation Ltd.,India,HUDCO.NS
HYUNDAI,Hyundai Motor India Ltd.,India,HYUNDAI.NS
ICICIBANK,ICICI Bank Ltd.,India,ICICIBANK.NS
ICICIGI,ICICI Lombard General Insurance Company Ltd.,India,ICICIGI.NS
ICICIPRULI,ICICI Prudential Life Insurance Company Ltd.,India,ICICIPRULI.NS
IDBI,IDBI Bank Ltd.,India,IDBI.NS
IDEA,Vodafone Idea Ltd.,India,IDEA.NS
IDFCFIRSTB,IDFC First Bank Ltd.,India,IDFCFIRSTB.NS
IEX,Indian Energy Exchange Ltd.,India,IEX.NS
IFCI,IFCI Ltd.,India,IFCI.NS
IGIL,International Gemmological Institute (India) Ltd.,India,IGIL.NS
IGL,Indraprastha Gas Ltd.,India,IGL.NS
IIFL,IIFL Finance Ltd.,India,IIFL.NS
IKS,Inventurus Knowledge Solutions Ltd.,India,IKS.NS
INDGN,Indegene Ltd.,India,INDGN.NS
INDHOTEL,Indian Hotels Co. Ltd.,India,INDHOTEL.NS
INDIACEM,India Cements Ltd.,India,INDIACEM.NS
INDIAMART,Indiamart Intermesh Ltd.,India,INDIAMART.NS
INDIANB,Indian Bank,India,INDIANB.NS
INDIGO,InterGlobe Aviation Ltd.,India,INDIGO.NS
INDUSINDBK,IndusInd Bank Ltd.,India,INDUSINDBK.NS
INDUSTOWER,Indus Towers Ltd.,India,INDUSTOWER.NS
INFY,Infosys Ltd.,India,INFY.NS
INOXINDIA,INOX India Ltd.,India,INOXINDIA.NS
INOXWIND,Inox Wind Ltd.,India,INOXWIND.NS
INTELLECT,Intellect Design Arena Ltd.,India,INTELLECT.NS
IOB,Indian Overseas Bank,India,IOB.NS
IOC,Indian Oil Corporation Ltd.,India,IOC.NS
IPCALAB,Ipca Laboratories Ltd.,India,IPCALAB.NS
IRB,IRB Infrastructure Developers Ltd.,India,IRB.NS
IRCON,IRCON International Ltd.,India,IRCON.NS
IRCTC,Indian Railway Catering And Tourism Corporation Ltd.,India,IRCTC.NS
IREDA,Indian Renewable Energy Development Agency Ltd.,India,IREDA.NS
IRFC,Indian Railway Finance Corporation Ltd.,India,IRFC.NS
ITC,ITC Ltd.,India,ITC.NS
ITI,ITI Ltd.,India,ITI.NS
J&KBANK,Jammu & Kashmir Bank Ltd.,India,J&KBANK.NS
JBCHEPHARM,J.B. Chemicals & Pharmaceuticals Ltd.,India,JBCHEPHARM.NS
JBMA,JBM Auto Ltd.,India,JBMA.NS
JINDALSAW,Jindal Saw Ltd.,India,JINDALSAW.NS
JINDALSTEL,Jindal Steel & Power Ltd.,India,JINDALSTEL.NS
JIOFIN,Jio Financial Services Ltd.,India,JIOFIN.NS
JKCEMENT,J.K. Cement Ltd.,India,JKCEMENT.NS
JKTYRE,JK Tyre & Industries Ltd.,India,JKTYRE.NS
JMFINANCIL,JM Financial Ltd.,India,JMFINANCIL.NS
JPPOWER,Jaiprakash Power Ventures Ltd.,India,JPPOWER.NS
JSL,Jindal Stainless Ltd.,India,JSL.NS
JSWENERGY,JSW Energy Ltd.,India,JSWENERGY.NS
JSWHL,JSW Holdings Ltd.,India,JSWHL.NS
JSWINFRA,JSW Infrastructure Ltd.,India,JSWINFRA.NS
JSWSTEEL,JSW Steel Ltd.,India,JSWSTEEL.NS
JUBLFOOD,Jubilant Foodworks Ltd.,India,JUBLFOOD.NS
JUBLINGREA,Jubilant Ingrevia Ltd.,India,JUBLINGREA.NS
JUBLPHARMA,Jubilant Pharmova Ltd.,India,JUBLPHARMA.NS
JUSTDIAL,Justdial Ltd.,India,JUSTDIAL.NS
JWL,Jupiter Wagons Ltd.,India,JWL.NS
JYOTHYLAB,Jyothy Labs Ltd.,India,JYOTHYLAB.NS
JYOTICNC,Jyoti CNC Automation Ltd.,India,JYOTICNC.NS
KAJARIACER,Kajaria Ceramics Ltd.,India,KAJARIACER.NS
KALYANKJIL,Kalyan Jewellers India Ltd.,India,KALYANKJIL.NS
KANSAINER,Kansai Nerolac Paints Ltd.,India,KANSAINER.NS
KARURVYSYA,Karur Vysya Bank Ltd.,India,KARURVYSYA.NS
KAYNES,Kaynes Technology India Ltd.,India,KAYNES.NS
KEC,Kec International Ltd.,India,KEC.NS
KEI,KEI Industries Ltd.,India,KEI.NS
KFINTECH,Kfin Technologies Ltd.,India,KFINTECH.NS
KIMS,Krishna Institute of Medical Sciences Ltd.,India,KIMS.NS
KIRLOSBROS,Kirloskar Brothers Ltd.,India,KIRLOSBROS.NS
KIRLOSENG,Kirloskar Oil Eng Ltd.,India,KIRLOSENG.NS
KNRCON,KNR Constructions Ltd.,India,KNRCON.NS
KOTAKBANK,Kotak Mahindra Bank Ltd.,India,KOTAKBANK.NS
KPIL,Kalpataru Projects International Ltd.,India,KPIL.NS
KPITTECH,KPIT Technologies Ltd.,India,KPITTECH.NS
KPRMILL,K.P.R. Mill Ltd.,India,KPRMILL.NS
LALPATHLAB,Dr. Lal Path Labs Ltd.,India,LALPATHLAB.NS
LATENTVIEW,Latent View Analytics Ltd.,India,LATENTVIEW.NS
LAURUSLABS,Laurus Labs Ltd.,India,LAURUSLABS.NS
LEMONTREE,Lemon Tree Hotels Ltd.,India,LEMONTREE.NS
LICHSGFIN,LIC Housing Finance Ltd.,India,LICHSGFIN.NS
LICI,Life Insurance Corporation of India,India,LICI.NS
LINDEINDIA,Linde India Ltd.,India,LINDEINDIA.NS
LLOYDSME,Lloyds Metals And Energy Ltd.,India,LLOYDSME.NS
LODHA,Lodha Developers Ltd.,India,LODHA.NS
LT,Larsen & Toubro Ltd.,India,LT.NS
LTF,L&T Finance Ltd.,India,LTF.NS
LTFOODS,LT Foods Ltd.,India,LTFOODS.NS
LTIM,LTIMindtree Ltd.,India,LTIM.NS
LTTS,L&T Technology Services Ltd.,India,LTTS.NS
LUPIN,Lupin Ltd.,India,LUPIN.NS
M&M,Mahindra & Mahindra Ltd.,India,M&M.NS
M&MFIN,Mahindra & Mahindra Financial Services Ltd.,India,M&MFIN.NS
MAHABANK,Bank of Maharashtra,India,MAHABANK.NS
MAHSEAMLES,Maharashtra Seamless Ltd.,India,MAHSEAMLES.NS
MANAPPURAM,Manappuram Finance Ltd.,India,MANAPPURAM.NS
MANKIND,Mankind Pharma Ltd.,India,MANKIND.NS
MANYAVAR,Vedant Fashions Ltd.,India,MANYAVAR.NS
MAPMYINDIA,C.E. Info Systems Ltd.,India,MAPMYINDIA.NS
MARICO,Marico Ltd.,India,MARICO.NS
MARUTI,Maruti Suzuki India Ltd.,India,MARUTI.NS
MASTEK,Mastek Ltd.,India,MASTEK.NS
MAXHEALTH,Max Healthcare Institute Ltd.,India,MAXHEALTH.NS
MAZDOCK,Mazagoan Dock Shipbuilders Ltd.,India,MAZDOCK.NS
MCX,Multi Commodity Exchange of India Ltd.,India,MCX.NS
MEDANTA,Global Health Ltd.,India,MEDANTA.NS
METROPOLIS,Metropolis Healthcare Ltd.,India,METROPOLIS.NS
MFSL,Max Financial Services Ltd.,India,MFSL.NS
MGL,Mahanagar Gas Ltd.,India,MGL.NS
MINDACORP,Minda Corporation Ltd.,India,MINDACORP.NS
MMTC,MMTC Ltd.,India,MMTC.NS
MOTHERSON,Samvardhana Motherson International Ltd.,India,MOTHERSON.NS
MOTILALOFS,Motilal Oswal Financial Services Ltd.,India,MOTILALOFS.NS
MPHASIS,MphasiS Ltd.,India,MPHASIS.NS
MRF,MRF Ltd.,India,MRF.NS
MRPL,Mangalore Refinery & Petrochemicals Ltd.,India,MRPL.NS
MSUMI,Motherson Sumi Wiring India Ltd.,India,MSUMI.NS
MUTHOOTFIN,Muthoot Finance Ltd.,India,MUTHOOTFIN.NS
NAM-INDIA,Nippon Life India Asset Management Ltd.,India,NAM-INDIA.NS
NATCOPHARM,NATCO Pharma Ltd.,India,NATCOPHARM.NS
NATIONALUM,National Aluminium Co. Ltd.,India,NATIONALUM.NS
NAUKRI,Info Edge (India) Ltd.,India,NAUKRI.NS
NAVA,Nava Ltd.,India,NAVA.NS
NAVINFLUOR,Navin Fluorine International Ltd.,India,NAVINFLUOR.NS
NBCC,NBCC (India) Ltd.,India,NBCC.NS
NCC,NCC Ltd.,India,NCC.NS
NESTLEIND,Nestle India Ltd.,India,NESTLEIND.NS
NETWEB,Netweb Technologies India Ltd.,India,NETWEB.NS
NETWORK18,Network18 Media & Investments Ltd.,India,NETWORK18.NS
NEULANDLAB,Neuland Laboratories Ltd.,India,NEULANDLAB.NS
NEWGEN,Newgen Software Technologies Ltd.,India,NEWGEN.NS
NH,Narayana Hrudayalaya Ltd.,India,NH.NS
NHPC,NHPC Ltd.,India,NHPC.NS
NIACL,The New India Assurance Company Ltd.,India,NIACL.NS
NIVABUPA,Niva Bupa Health Insurance Company Ltd.,India,NIVABUPA.NS
NLCINDIA,NLC India Ltd.,India,NLCINDIA.NS
NMDC,NMDC Ltd.,India,NMDC.NS
NSLNISP,NMDC Steel Ltd.,India,NSLNISP.NS
NTPC,NTPC Ltd.,India,NTPC.NS
NTPCGREEN,NTPC Green Energy Ltd.,India,NTPCGREEN.NS
NUVAMA,Nuvama Wealth Management Ltd.,India,NUVAMA.NS
NYKAA,FSN E-Commerce Ventures Ltd.,India,NYKAA.NS
OBEROIRLTY,Oberoi Realty Ltd.,India,OBEROIRLTY.NS
OFSS,Oracle Financial Services Software Ltd.,India,OFSS.NS
OIL,Oil India Ltd.,India,OIL.NS
OLAELEC,Ola Electric Mobility Ltd.,India,OLAELEC.NS
OLECTRA,Olectra Greentech Ltd.,India,OLECTRA.NS
ONGC,Oil & Natural Gas Corporation Ltd.,India,ONGC.NS
PAGEIND,Page Industries Ltd.,India,PAGEIND.NS
PATANJALI,Patanjali Foods Ltd.,India,PATANJALI.NS
PAYTM,One 97 Communications Ltd.,India,PAYTM.NS
PCBL,PCBL Chemical Ltd.,India,PCBL.NS
PEL,Piramal Enterprises Ltd.,India,PEL.NS
PERSISTENT,Persistent Systems Ltd.,India,PERSISTENT.NS
PETRONET,Petronet LNG Ltd.,India,PETRONET.NS
PFC,Power Finance Corporation Ltd.,India,PFC.NS
PFIZER,Pfizer Ltd.,India,PFIZER.NS
PGEL,PG Electroplast Ltd.,India,PGEL.NS
PHOENIXLTD,Phoenix Mills Ltd.,India,PHOENIXLTD.NS
PIDILITIND,Pidilite Industries Ltd.,India,PIDILITIND.NS
PIIND,PI Industries Ltd.,India,PIIND.NS
PNB,Punjab National Bank,India,PNB.NS
PNBHOUSING,PNB Housing Finance Ltd.,India,PNBHOUSING.NS
PNCINFRA,PNC Infratech Ltd.,India,PNCINFRA.NS
POLICYBZR,PB Fintech Ltd.,India,POLICYBZR.NS
POLYCAB,Polycab India Ltd.,India,POLYCAB.NS
POLYMED,Poly Medicure Ltd.,India,POLYMED.NS
POONAWALLA,Poonawalla Fincorp Ltd.,India,POONAWALLA.NS
POWERGRID,Power Grid Corporation of India Ltd.,India,POWERGRID.NS
POWERINDIA,Hitachi Energy India Ltd.,India,POWERINDIA.NS
PPLPHARMA,Piramal Pharma Ltd.,India,PPLPHARMA.NS
PRAJIND,Praj Industries Ltd.,India,PRAJIND.NS
PREMIERENE,Premier Energies Ltd.,India,PREMIERENE.NS
PRESTIGE,Prestige Estates Projects Ltd.,India,PRESTIGE.NS
PTCIL,PTC Industries Ltd.,India,PTCIL.NS
PVRINOX,PVR INOX Ltd.,India,PVRINOX.NS
RADICO,Radico Khaitan Ltd,India,RADICO.NS
RAILTEL,Railtel Corporation Of India Ltd.,India,RAILTEL.NS
RAINBOW,Rainbow Childrens Medicare Ltd.,India,RAINBOW.NS
RAMCOCEM,The Ramco Cements Ltd.,India,RAMCOCEM.NS
RAYMOND,Raymond Ltd.,India,RAYMOND.NS
RAYMONDLSL,Raymond Lifestyle Ltd.,India,RAYMONDLSL.NS
RBLBANK,RBL Bank Ltd.,India,RBLBANK.NS
RCF,Rashtriya Chemicals & Fertilizers Ltd.,India,RCF.NS
RECLTD,REC Ltd.,India,RECLTD.NS
REDINGTON,Redington Ltd.,India,REDINGTON.NS
RELIANCE,Reliance Industries Ltd.,India,RELIANCE.NS
RENUKA,Shree Renuka Sugars Ltd.,India,RENUKA.NS
RHIM,RHI MAGNESITA INDIA LTD.,India,RHIM.NS
RITES,RITES Ltd.,India,RITES.NS
RKFORGE,Ramkrishna Forgings Ltd.,India,RKFORGE.NS
ROUTE,Route Mobile Ltd.,India,ROUTE.NS
RPOWER,Reliance Power Ltd.,India,RPOWER.NS
RRKABEL,R R Kabel Ltd.,India,RRKABEL.NS
RTNINDIA,RattanIndia Enterprises Ltd.,India,RTNINDIA.NS
RVNL,Rail Vikas Nigam Ltd.,India,RVNL.NS
SAGILITY,Sagility India Ltd.,India,SAGILITY.NS
SAIL,Steel Authority of India Ltd.,India,SAIL.NS
SAILIFE,Sai Life Sciences Ltd.,India,SAILIFE.NS
SAMMAANCAP,Sammaan Capital Ltd.,India,SAMMAANCAP.NS
SAPPHIRE,Sapphire Foods India Ltd.,India,SAPPHIRE.NS
SARDAEN,Sarda Energy and Minerals Ltd.,India,SARDAEN.NS
SAREGAMA,Saregama India Ltd,India,SAREGAMA.NS
SBFC,SBFC Finance Ltd.,India,SBFC.NS
SBICARD,SBI Cards and Payment Services Ltd.,India,SBICARD.NS
SBILIFE,SBI Life Insurance Company Ltd.,India,SBILIFE.NS
SBIN,State Bank of India,India,SBIN.NS
SCHAEFFLER,Schaeffler India Ltd.,India,SCHAEFFLER.NS
SCHNEIDER,Schneider Electric Infrastructure Ltd.,India,SCHNEIDER.NS
SCI,Shipping Corporation of India Ltd.,India,SCI.NS
SHREECEM,Shree Cement Ltd.,India,SHREECEM.NS
SHRIRAMFIN,Shriram Finance Ltd.,India,SHRIRAMFIN.NS
SHYAMMETL,Shyam Metalics and Energy Ltd.,India,SHYAMMETL.NS
SIEMENS,Siemens Ltd.,India,SIEMENS.NS
SIGNATURE,Signatureglobal (India) Ltd.,India,SIGNATURE.NS
SJVN,SJVN Ltd.,India,SJVN.NS
SKFINDIA,SKF India Ltd.,India,SKFINDIA.NS
SOBHA,Sobha Ltd.,India,SOBHA.NS
SOLARINDS,Solar Industries India Ltd.,India,SOLARINDS.NS
SONACOMS,Sona BLW Precision Forgings Ltd.,India,SONACOMS.NS
SONATSOFTW,Sonata Software Ltd.,India,SONATSOFTW.NS
SRF,SRF Ltd.,India,SRF.NS
STARHEALTH,Star Health and Allied Insurance Company Ltd.,India,STARHEALTH.NS
SUMICHEM,Sumitomo Chemical India Ltd.,India,SUMICHEM.NS
SUNDARMFIN,Sundaram Finance Ltd.,India,SUNDARMFIN.NS
SUNDRMFAST,Sundram Fasteners Ltd.,India,SUNDRMFAST.NS
SUNPHARMA,Sun Pharmaceutical Industries Ltd.,India,SUNPHARMA.NS
SUNTV,Sun TV Network Ltd.,India,SUNTV.NS
SUPREMEIND,Supreme Industries Ltd.,India,SUPREMEIND.NS
SUZLON,Suzlon Energy Ltd.,India,SUZLON.NS
SWANENERGY,Swan Energy Ltd.,India,SWANENERGY.NS
SWIGGY,Swiggy Ltd.,India,SWIGGY.NS
SWSOLAR,Sterling and Wilson Renewable Energy Ltd.,India,SWSOLAR.NS
SYNGENE,Syngene International Ltd.,India,SYNGENE.NS
SYRMA,Syrma SGS Technology Ltd.,India,SYRMA.NS
TANLA,Tanla Platforms Ltd.,India,TANLA.NS
TARIL,Transformers And Rectifiers (India) Ltd.,India,TARIL.NS
TATACHEM,Tata Chemicals Ltd.,India,TATACHEM.NS
TATACOMM,Tata Communications Ltd.,India,TATACOMM.NS
TATACONSUM,Tata Consumer Products Ltd.,India,TATACONSUM.NS
TATAELXSI,Tata Elxsi Ltd.,India,TATAELXSI.NS
TATAINVEST,Tata Investment Corporation Ltd.,India,TATAINVEST.NS
TATAMOTORS,Tata Motors Ltd.,India,TATAMOTORS.NS
TATAPOWER,Tata Power Co. Ltd.,India,TATAPOWER.NS
TATASTEEL,Tata Steel Ltd.,India,TATASTEEL.NS
TATATECH,Tata Technologies Ltd.,India,TATATECH.NS
TBOTEK,TBO Tek Ltd.,India,TBOTEK.NS
TCS,Tata Consultancy Services Ltd.,India,TCS.NS
TECHM,Tech Mahindra Ltd.,India,TECHM.NS
TECHNOE,Techno Electric & Engineering Company Ltd.,India,TECHNOE.NS
TEJASNET,Tejas Networks Ltd.,India,TEJASNET.NS
THERMAX,Thermax Ltd.,India,THERMAX.NS
TIINDIA,Tube Investments of India Ltd.,India,TIINDIA.NS
TIMKEN,Timken India Ltd.,India,TIMKEN.NS
TITAGARH,Titagarh Rail Systems Ltd.,India,TITAGARH.NS
TITAN,Titan Company Ltd.,India,TITAN.NS
TORNTPHARM,Torrent Pharmaceuticals Ltd.,India,TORNTPHARM.NS
TORNTPOWER,Torrent Power Ltd.,India,TORNTPOWER.NS
TRENT,Trent Ltd.,India,TRENT.NS
TRIDENT,Trident Ltd.,India,TRIDENT.NS
TRITURBINE,Triveni Turbine Ltd.,India,TRITURBINE.NS
TRIVENI,Triveni Engineering & Industries Ltd.,India,TRIVENI.NS
TTML,Tata Teleservices (Maharashtra) Ltd.,India,TTML.NS
TVSMOTOR,TVS Motor Company Ltd.,India,TVSMOTOR.NS
UBL,United Breweries Ltd.,India,UBL.NS
UCOBANK,UCO Bank,India,UCOBANK.NS
ULTRACEMCO,UltraTech Cement Ltd.,India,ULTRACEMCO.NS
UNIONBANK,Union Bank of India,India,UNIONBANK.NS
UNITDSPR,United Spirits Ltd.,India,UNITDSPR.NS
UNOMINDA,UNO Minda Ltd.,India,UNOMINDA.NS
UPL,UPL Ltd.,India,UPL.NS
USHAMART,Usha Martin Ltd.,India,USHAMART.NS
UTIAMC,UTI Asset Management Company Ltd.,India,UTIAMC.NS
VBL,Varun Beverages Ltd.,India,VBL.NS
VEDL,Vedanta Ltd.,India,VEDL.NS
VGUARD,V-Guard Industries Ltd.,India,VGUARD.NS
VIJAYA,Vijaya Diagnostic Centre Ltd.,India,VIJAYA.NS
VMM,Vishal Mega Mart Ltd.,India,VMM.NS
VOLTAS,Voltas Ltd.,India,VOLTAS.NS
VTL,Vardhman Textiles Ltd.,India,VTL.NS
WAAREEENER,Waaree Energies Ltd.,India,WAAREEENER.NS
WELCORP,Welspun Corp Ltd.,India,WELCORP.NS
WELSPUNLIV,Welspun Living Ltd.,India,WELSPUNLIV.NS
WESTLIFE,Westlife Foodworld Ltd.,India,WESTLIFE.NS
WHIRLPOOL,Whirlpool of India Ltd.,India,WHIRLPOOL.NS
WIPRO,Wipro Ltd.,India,WIPRO.NS
WOCKPHARMA,Wockhardt Ltd.,India,WOCKPHARMA.NS
YESBANK,Yes Bank Ltd.,India,YESBANK.NS
ZEEL,Zee Entertainment Enterprises Ltd.,India,ZEEL.NS
ZENSARTECH,Zensar Technolgies Ltd.,India,ZENSARTECH.NS
ZENTEC,Zen Technologies Ltd.,India,ZENTEC.NS
ZFCVINDIA,ZF Commercial Vehicle Control Systems India Ltd.,India,ZFCVINDIA.NS
ZYDUSLIFE,Zydus Lifesciences Ltd.,India,ZYDUSLIFE.NS
A,Agilent Technologies,US,A
AAPL,Apple Inc.,US,AAPL
ABBV,AbbVie,US,ABBV
ABNB,Airbnb,US,ABNB
ABT,Abbott Laboratories,US,ABT
ACGL,Arch Capital Group,US,ACGL
ACN,Accenture,US,ACN
ADBE,Adobe Inc.,US,ADBE
ADI,Analog Devices,US,ADI
ADM,Archer Daniels Midland,US,ADM
ADP,Automatic Data Processing,US,ADP
ADSK,Autodesk,US,ADSK
AEE,Ameren,US,AEE
AEP,American Electric Power,US,AEP
AES,AES Corporation,US,AES
AFL,Aflac,US,AFL
AIG,American International Group,US,AIG
AIZ,Assurant,US,AIZ
AJG,Arthur J. Gallagher & Co.,US,AJG
AKAM,Akamai Technologies,US,AKAM
ALB,Albemarle Corporation,US,ALB
ALGN,Align Technology,US,ALGN
ALL,Allstate,US,ALL
ALLE,Allegion,US,ALLE
AMAT,Applied Materials,US,AMAT
AMCR,Amcor,US,AMCR
AMD,Advanced Micro Devices,US,AMD
AME,Ametek,US,AME
AMGN,Amgen,US,AMGN
AMP,Ameriprise Financial,US,AMP
AMT,American Tower,US,AMT
AMZN,Amazon,US,AMZN
ANET,Arista Networks,US,ANET
AON,Aon plc,US,AON
AOS,A. O. Smith,US,AOS
APA,APA Corporation,US,APA
APD,Air Products,US,APD
APH,Amphenol,US,APH
APO,Apollo Global Management,US,APO
APTV,Aptiv,US,APTV
ARE,Alexandria Real Estate Equities,US,ARE
ATO,Atmos Energy,US,ATO
AVB,AvalonBay Communities,US,AVB
AVGO,Broadcom,US,AVGO
AVY,Avery Dennison,US,AVY
AWK,American Water Works,US,AWK
AXON,Axon Enterprise,US,AXON
AXP,American Express,US,AXP
AZO,AutoZone,US,AZO
BA,Boeing,US,BA
BAC,Bank of America,US,BAC
BALL,Ball Corporation,US,BALL
BAX,Baxter International,US,BAX
BBY,Best Buy,US,BBY
BDX,Becton Dickinson,US,BDX
BEN,Franklin Resources,US,BEN
BF.B,Brown–Forman,US,BF-B
BG,Bunge Global,US,BG
BIIB,Biogen,US,BIIB
BK,BNY Mellon,US,BK
BKNG,Booking Holdings,US,BKNG
BKR,Baker Hughes,US,BKR
BLDR,Builders FirstSource,US,BLDR
BLK,BlackRock,US,BLK
BMY,Bristol Myers Squibb,US,BMY
BR,Broadridge Financial Solutions,US,BR
BRK.B,Berkshire Hathaway,US,BRK-B
BRO,Brown & Brown,US,BRO
BSX,Boston Scientific,US,BSX
BX,Blackstone Inc.,US,BX
BXP,"BXP, Inc.",US,BXP
C,Citigroup,US,C
CAG,Conagra Brands,US,CAG
CAH,Cardinal Health,US,CAH
CARR,Carrier Global,US,CARR
CAT,Caterpillar Inc.,US,CAT
CB,Chubb Limited,US,CB
CBOE,Cboe Global Markets,US,CBOE
CBRE,CBRE Group,US,CBRE
CCI,Crown Castle,US,CCI
CCL,Carnival,US,CCL
CDNS,Cadence Design Systems,US,CDNS
CDW,CDW Corporation,US,CDW
CEG,Constellation Energy,US,CEG
CF,CF Industries,US,CF
CFG,Citizens Financial Group,US,CFG
CHD,Church & Dwight,US,CHD
CHRW,C.H. Robinson,US,CHRW
CHTR,Charter Communications,US,CHTR
CI,Cigna,US,CI
CINF,Cincinnati Financial,US,CINF
CL,Colgate-Palmolive,US,CL
CLX,Clorox,US,CLX
CMCSA,Comcast,US,CMCSA
CME,CME Group,US,CME
CMG,Chipotle Mexican Grill,US,CMG
CMI,Cummins,US,CMI
CMS,CMS Energy,US,CMS
CNC,Centene Corporation,US,CNC
CNP,CenterPoint Energy,US,CNP
COF,Capital One,US,COF
COIN,Coinbase,US,COIN
COO,Cooper Companies (The),US,COO
COP,ConocoPhillips,US,COP
COR,Cencora,US,COR
COST,Costco,US,COST
CPAY,Corpay,US,CPAY
CPB,Campbell's Company (The),US,CPB
CPRT,Copart,US,CPRT
CPT,Camden Property Trust,US,CPT
CRL,Charles River Laboratories,US,CRL
CRM,Salesforce,US,CRM
CRWD,CrowdStrike,US,CRWD
CSCO,Cisco,US,CSCO
CSGP,CoStar Group,US,CSGP
CSX,CSX Corporation,US,CSX
CTAS,Cintas,US,CTAS
CTRA,Coterra,US,CTRA
CTSH,Cognizant,US,CTSH
CTVA,Corteva,US,CTVA
CVS,CVS Health,US,CVS
CVX,Chevron Corporation,US,CVX
CZR,Caesars Entertainment,US,CZR
D,Dominion Energy,US,D
DAL,Delta Air Lines,US,DAL
DASH,DoorDash,US,DASH
DAY,Dayforce,US,DAY
DD,DuPont,US,DD
DDOG,Datadog,US,DDOG
DE,Deere & Company,US,DE
DECK,Deckers Brands,US,DECK
DELL,Dell Technologies,US,DELL
DG,Dollar General,US,DG
DGX,Quest Diagnostics,US,DGX
DHI,D. R. Horton,US,DHI
DHR,Danaher Corporation,US,DHR
DIS,Walt Disney Company (The),US,DIS
DLR,Digital Realty,US,DLR
DLTR,Dollar Tree,US,DLTR
DOC,Healthpeak Properties,US,DOC
DOV,Dover Corporation,US,DOV
DOW,Dow Inc.,US,DOW
DPZ,Domino's,US,DPZ
DRI,Darden Restaurants,US,DRI
DTE,DTE Energy,US,DTE
DUK,Duke Energy,US,DUK
DVA,DaVita,US,DVA
DVN,Devon Energy,US,DVN
DXCM,Dexcom,US,DXCM
EA,Electronic Arts,US,EA
EBAY,eBay Inc.,US,EBAY
ECL,Ecolab,US,ECL
ED,Consolidated Edison,US,ED
EFX,Equifax,US,EFX
EG,Everest Group,US,EG
EIX,Edison International,US,EIX
EL,Estée Lauder Companies (The),US,EL
ELV,Elevance Health,US,ELV
EMN,Eastman Chemical Company,US,EMN
EMR,Emerson Electric,US,EMR
ENPH,Enphase Energy,US,ENPH
EOG,EOG Resources,US,EOG
EPAM,EPAM Systems,US,EPAM
EQIX,Equinix,US,EQIX
EQR,Equity Residential,US,EQR
EQT,EQT Corporation,US,EQT
ERIE,Erie Indemnity,US,ERIE
ES,Eversource Energy,US,ES
ESS,Essex Property Trust,US,ESS
ETN,Eaton Corporation,US,ETN
ETR,Entergy,US,ETR
EVRG,Evergy,US,EVRG
EW,Edwards Lifesciences,US,EW
EXC,Exelon,US,EXC
EXE,Expand Energy,US,EXE
EXPD,Expeditors International,US,EXPD
EXPE,Expedia Group,US,EXPE
EXR,Extra Space Storage,US,EXR
F,Ford Motor Company,US,F
FANG,Diamondback Energy,US,FANG
FAST,Fastenal,US,FAST
FCX,Freeport-McMoRan,US,FCX
FDS,FactSet,US,FDS
FDX,FedEx,US,FDX
FE,FirstEnergy,US,FE
FFIV,"F5, Inc.",US,FFIV
FI,Fiserv,US,FI
FICO,Fair Isaac,US,FICO
FIS,Fidelity National Information Services,US,FIS
FITB,Fifth Third Bancorp,US,FITB
FOX,Fox Corporation (Class B),US,FOX
FOXA,Fox Corporation (Class A),US,FOXA
FRT,Federal Realty Investment Trust,US,FRT
FSLR,First Solar,US,FSLR
FTNT,Fortinet,US,FTNT
FTV,Fortive,US,FTV
GD,General Dynamics,US,GD
GDDY,GoDaddy,US,GDDY
GE,GE Aerospace,US,GE
GEHC,GE HealthCare,US,GEHC
GEN,Gen Digital,US,GEN
GEV,GE Vernova,US,GEV
GILD,Gilead Sciences,US,GILD
GIS,General Mills,US,GIS
GL,Globe Life,US,GL
GLW,Corning Inc.,US,GLW
GM,General Motors,US,GM
GNRC,Generac,US,GNRC
GOOG,Alphabet Inc. (Class C),US,GOOG
GOOGL,Alphabet Inc. (Class A),US,GOOGL
GPC,Genuine Parts Company,US,GPC
GPN,Global Payments,US,GPN
GRMN,Garmin,US,GRMN
GS,Goldman Sachs,US,GS
GWW,W. W. Grainger,US,GWW
HAL,Halliburton,US,HAL
HAS,Hasbro,US,HAS
HBAN,Huntington Bancshares,US,HBAN
HCA,HCA Healthcare,US,HCA
HD,Home Depot (The),US,HD
HIG,Hartford (The),US,HIG
HII,Huntington Ingalls Industries,US,HII
HLT,Hilton Worldwide,US,HLT
HOLX,Hologic,US,HOLX
HON,Honeywell,US,HON
HPE,Hewlett Packard Enterprise,US,HPE
HPQ,HP Inc.,US,HPQ
HRL,Hormel Foods,US,HRL
HSIC,Henry Schein,US,HSIC
HST,Host Hotels & Resorts,US,HST
HSY,Hershey Company (The),US,HSY
HUBB,Hubbell Incorporated,US,HUBB
HUM,Humana,US,HUM
HWM,Howmet Aerospace,US,HWM
IBKR,Interactive Brokers,US,IBKR
IBM,IBM,US,IBM
ICE,Intercontinental Exchange,US,ICE
IDXX,Idexx Laboratories,US,IDXX
IEX,IDEX Corporation,US,IEX
IFF,International Flavors & Fragrances,US,IFF
INCY,Incyte,US,INCY
INTC,Intel,US,INTC
INTU,Intuit,US,INTU
INVH,Invitation Homes,US,INVH
IP,International Paper,US,IP
IPG,Interpublic Group of Companies (The),US,IPG
IQV,IQVIA,US,IQV
IR,Ingersoll Rand,US,IR
IRM,Iron Mountain,US,IRM
ISRG,Intuitive Surgical,US,ISRG
IT,Gartner,US,IT
ITW,Illinois Tool Works,US,ITW
IVZ,Invesco,US,IVZ
J,Jacobs Solutions,US,J
JBHT,J.B. Hunt,US,JBHT
JBL,Jabil,US,JBL
JCI,Johnson Controls,US,JCI
JKHY,Jack Henry & Associates,US,JKHY
JNJ,Johnson & Johnson,US,JNJ
JPM,JPMorgan Chase,US,JPM
K,Kellanova,US,K
KDP,Keurig Dr Pepper,US,KDP
KEY,KeyCorp,US,KEY
KEYS,Keysight Technologies,US,KEYS
KHC,Kraft Heinz,US,KHC
KIM,Kimco Realty,US,KIM
KKR,KKR & Co.,US,KKR
KLAC,KLA Corporation,US,KLAC
KMB,Kimberly-Clark,US,KMB
KMI,Kinder Morgan,US,KMI
KMX,CarMax,US,KMX
KO,Coca-Cola Company (The),US,KO
KR,Kroger,US,KR
KVUE,Kenvue,US,KVUE
L,Loews Corporation,US,L
LDOS,Leidos,US,LDOS
LEN,Lennar,US,LEN
LH,Labcorp,US,LH
LHX,L3Harris,US,LHX
LII,Lennox International,US,LII
LIN,Linde plc,US,LIN
LKQ,LKQ Corporation,US,LKQ
LLY,Lilly (Eli),US,LLY
LMT,Lockheed Martin,US,LMT
LNT,Alliant Energy,US,LNT
LOW,Lowe's,US,LOW
LRCX,Lam Research,US,LRCX
LULU,Lululemon Athletica,US,LULU
LUV,Southwest Airlines,US,LUV
LVS,Las Vegas Sands,US,LVS
LW,Lamb Weston,US,LW
LYB,LyondellBasell,US,LYB
LYV,Live Nation Entertainment,US,LYV
MA,Mastercard,US,MA
MAA,Mid-America Apartment Communities,US,MAA
MAR,Marriott International,US,MAR
MAS,Masco,US,MAS
MCD,McDonald's,US,MCD
MCHP,Microchip Technology,US,MCHP
MCK,McKesson Corporation,US,MCK
MCO,Moody's Corporation,US,MCO
MDLZ,Mondelez International,US,MDLZ
MDT,Medtronic,US,MDT
MET,MetLife,US,MET
META,Meta Platforms,US,META
MGM,MGM Resorts,US,MGM
MHK,Mohawk Industries,US,MHK
MKC,McCormick & Company,US,MKC
MKTX,MarketAxess,US,MKTX
MLM,Martin Marietta Materials,US,MLM
MMC,Marsh McLennan,US,MMC
MMM,3M,US,MMM
MNST,Monster Beverage,US,MNST
MO,Altria,US,MO
MOH,Molina Healthcare,US,MOH
MOS,Mosaic Company (The),US,MOS
MPC,Marathon Petroleum,US,MPC
MPWR,Monolithic Power Systems,US,MPWR
MRK,Merck & Co.,US,MRK
MRNA,Moderna,US,MRNA
MS,Morgan Stanley,US,MS
MSCI,MSCI Inc.,US,MSCI
MSFT,Microsoft,US,MSFT
MSI,Motorola Solutions,US,MSI
MTB,M&T Bank,US,MTB
MTCH,Match Group,US,MTCH
MTD,Mettler Toledo,US,MTD
MU,Micron Technology,US,MU
NCLH,Norwegian Cruise Line Holdings,US,NCLH
NDAQ,"Nasdaq, Inc.",US,NDAQ
NDSN,Nordson Corporation,US,NDSN
NEE,NextEra Energy,US,NEE
NEM,Newmont,US,NEM
NFLX,Netflix,US,NFLX
NI,NiSource,US,NI
NKE,"Nike, Inc.",US,NKE
NOC,Northrop Grumman,US,NOC
NOW,ServiceNow,US,NOW
NRG,NRG Energy,US,NRG
NSC,Norfolk Southern,US,NSC
NTAP,NetApp,US,NTAP
NTRS,Northern Trust,US,NTRS
NUE,Nucor,US,NUE
NVDA,Nvidia,US,NVDA
NVR,"NVR, Inc.",US,NVR
NWS,News Corp (Class B),US,NWS
NWSA,News Corp (Class A),US,NWSA
NXPI,NXP Semiconductors,US,NXPI
O,Realty Income,US,O
ODFL,Old Dominion,US,ODFL
OKE,Oneok,US,OKE
OMC,Omnicom Group,US,OMC
ON,ON Semiconductor,US,ON
ORCL,Oracle Corporation,US,ORCL
ORLY,O’Reilly Automotive,US,ORLY
OTIS,Otis Worldwide,US,OTIS
OXY,Occidental Petroleum,US,OXY
PANW,Palo Alto Networks,US,PANW
PAYC,Paycom,US,PAYC
PAYX,Paychex,US,PAYX
PCAR,Paccar,US,PCAR
PCG,PG&E Corporation,US,PCG
PEG,Public Service Enterprise Group,US,PEG
PEP,PepsiCo,US,PEP
PFE,Pfizer,US,PFE
PFG,Principal Financial Group,US,PFG
PG,Procter & Gamble,US,PG
PGR,Progressive Corporation,US,PGR
PH,Parker Hannifin,US,PH
PHM,PulteGroup,US,PHM
PKG,Packaging Corporation of America,US,PKG
PLD,Prologis,US,PLD
PLTR,Palantir Technologies,US,PLTR
PM,Philip Morris International,US,PM
PNC,PNC Financial Services,US,PNC
PNR,Pentair,US,PNR
PNW,Pinnacle West Capital,US,PNW
PODD,Insulet Corporation,US,PODD
POOL,Pool Corporation,US,POOL
PPG,PPG Industries,US,PPG
PPL,PPL Corporation,US,PPL
PRU,Prudential Financial,US,PRU
PSA,Public Storage,US,PSA
PSKY,Paramount Skydance Corporation,US,PSKY
PSX,Phillips 66,US,PSX
PTC,PTC Inc.,US,PTC
PWR,Quanta Services,US,PWR
PYPL,PayPal,US,PYPL
QCOM,Qualcomm,US,QCOM
RCL,Royal Caribbean Group,US,RCL
REG,Regency Centers,US,REG
REGN,Regeneron Pharmaceuticals,US,REGN
RF,Regions Financial Corporation,US,RF
RJF,Raymond James Financial,US,RJF
RL,Ralph Lauren Corporation,US,RL
RMD,ResMed,US,RMD
ROK,Rockwell Automation,US,ROK
ROL,"Rollins, Inc.",US,ROL
ROP,Roper Technologies,US,ROP
ROST,Ross Stores,US,ROST
RSG,Republic Services,US,RSG
RTX,RTX Corporation,US,RTX
RVTY,Revvity,US,RVTY
SBAC,SBA Communications,US,SBAC
SBUX,Starbucks,US,SBUX
SCHW,Charles Schwab Corporation,US,SCHW
SHW,Sherwin-Williams,US,SHW
SJM,J.M. Smucker Company (The),US,SJM
SLB,Schlumberger,US,SLB
SMCI,Supermicro,US,SMCI
SNA,Snap-on,US,SNA
SNPS,Synopsys,US,SNPS
SO,Southern Company,US,SO
SOLV,Solventum,US,SOLV
SPG,Simon Property Group,US,SPG
SPGI,S&P Global,US,SPGI
SRE,Sempra,US,SRE
STE,Steris,US,STE
STLD,Steel Dynamics,US,STLD
STT,State Street Corporation,US,STT
STX,Seagate Technology,US,STX
STZ,Constellation Brands,US,STZ
SW,Smurfit Westrock,US,SW
SWK,Stanley Black & Decker,US,SWK
SWKS,Skyworks Solutions,US,SWKS
SYF,Synchrony Financial,US,SYF
SYK,Stryker Corporation,US,SYK
SYY,Sysco,US,SYY
T,AT&T,US,T
TAP,Molson Coors Beverage Company,US,TAP
TDG,TransDigm Group,US,TDG
TDY,Teledyne Technologies,US,TDY
TECH,Bio-Techne,US,TECH
TEL,TE Connectivity,US,TEL
TER,Teradyne,US,TER
TFC,Truist Financial,US,TFC
TGT,Target Corporation,US,TGT
TJX,TJX Companies,US,TJX
TKO,TKO Group Holdings,US,TKO
TMO,Thermo Fisher Scientific,US,TMO
TMUS,T-Mobile US,US,TMUS
TPL,Texas Pacific Land Corporation,US,TPL
TPR,"Tapestry, Inc.",US,TPR
TRGP,Targa Resources,US,TRGP
TRMB,Trimble Inc.,US,TRMB
TROW,T. Rowe Price,US,TROW
TRV,Travelers Companies (The),US,TRV
TSCO,Tractor Supply,US,TSCO
TSLA,"Tesla, Inc.",US,TSLA
TSN,Tyson Foods,US,TSN
TT,Trane Technologies,US,TT
TTD,Trade Desk (The),US,TTD
TTWO,Take-Two Interactive,US,TTWO
TXN,Texas Instruments,US,TXN
TXT,Textron,US,TXT
TYL,Tyler Technologies,US,TYL
UAL,United Airlines Holdings,US,UAL
UBER,Uber,US,UBER
UDR,"UDR, Inc.",US,UDR
UHS,Universal Health Services,US,UHS
ULTA,Ulta Beauty,US,ULTA
UNH,UnitedHealth Group,US,UNH
UNP,Union Pacific Corporation,US,UNP
UPS,United Parcel Service,US,UPS
URI,United Rentals,US,URI
USB,U.S. Bancorp,US,USB
V,Visa Inc.,US,V
VICI,Vici Properties,US,VICI
VLO,Valero Energy,US,VLO
VLTO,Veralto,US,VLTO
VMC,Vulcan Materials Company,US,VMC
VRSK,Verisk Analytics,US,VRSK
VRSN,Verisign,US,VRSN
VRTX,Vertex Pharmaceuticals,US,VRTX
VST,Vistra Corp.,US,VST
VTR,Ventas,US,VTR
VTRS,Viatris,US,VTRS
VZ,Verizon,US,VZ
WAB,Wabtec,US,WAB
WAT,Waters Corporation,US,WAT
WBA,Walgreens Boots Alliance,US,WBA
WBD,Warner Bros. Discovery,US,WBD
WDAY,"Workday, Inc.",US,WDAY
WDC,Western Digital,US,WDC
WEC,WEC Energy Group,US,WEC
WELL,Welltower,US,WELL
WFC,Wells Fargo,US,WFC
WM,Waste Management,US,WM
WMB,Williams Companies,US,WMB
WMT,Walmart,US,WMT
WRB,W. R. Berkley Corporation,US,WRB
WSM,"Williams-Sonoma, Inc.",US,WSM
WST,West Pharmaceutical Services,US,WST
WTW,Willis Towers Watson,US,WTW
WY,Weyerhaeuser,US,WY
WYNN,Wynn Resorts,US,WYNN
XEL,Xcel Energy,US,XEL
XOM,ExxonMobil,US,XOM
XYL,Xylem Inc.,US,XYL
XYZ,"Block, Inc.",US,XYZ
YUM,Yum! Brands,US,YUM
ZBH,Zimmer Biomet,US,ZBH
ZBRA,Zebra Technologies,US,ZBRA
ZTS,Zoetis,US,ZTS
